{
  "24/7 ABSOLUTELY FABULOUS": "id-455",
  "ABC - KABC LAX": "id-150",
  "ABC - KDNL STL": "id-151",
  "ABC - KFSN FRESNO": "id-643",
  "ABC - KGO SFO": "id-152",
  "ABC - KMGH DEN": "id-644",
  "ABC - KNXV PHX": "id-153",
  "ABC - KOMO SEA": "id-154",
  "ABC - KSAT SAA": "id-155",
  "ABC - KSTP MIN": "id-156",
  "ABC - KTRK HOU": "id-157",
  "ABC - KTVX SLC": "id-158",
  "ABC - KXTV SAC": "id-159",
  "ABC - WABC NYC": "id-160",
  "ABC - WCVB BOS": "id-161",
  "ABC - WEWS CLA": "id-162",
  "ABC - WFAA DAL": "id-163",
  "ABC - WFTS TAM": "id-164",
  "ABC - WFTV ORL": "id-165",
  "ABC - WISN MIL": "id-166",
  "ABC - WKRN NAS": "id-167",
  "ABC - WLS CHI": "id-168",
  "ABC - WMAR BAL": "id-169",
  "ABC - WPLG MIA": "id-170",
  "ABC - WPVI PHI": "id-171",
  "ABC - WRTV IND": "id-172",
  "ABC - WSB ATL": "id-173",
  "ABC - WSOC CHA": "id-174",
  "ABC - WTAE PIT": "id-175",
  "ABC - WTNH HAR": "id-176",
  "ABC - WTVD RALEIGH": "id-177",
  "ABC - WXYZ DET": "id-645",
  "AUS: FOX FOOTY HD": "id-444",
  "CA: TREEHOUSE": "id-88",
  "CBS - KCBS LAX": "id-646",
  "CBS - KCNC DEN": "id-647",
  "CBS - KCTV KAN": "id-178",
  "CBS - KDKA PIT": "id-179",
  "CBS - KENS SAA": "id-180",
  "CBS - KFMB SAD": "id-181",
  "CBS - KHOU HOU": "id-182",
  "CBS - KIRO SEA": "id-183",
  "CBS - KMOV STL": "id-184",
  "CBS - KOVR SAC": "id-185",
  "CBS - KPHO PHX": "id-186",
  "CBS - KTVT DAL": "id-187",
  "CBS - WBTV CHA": "id-188",
  "CBS - WBZ BOS": "id-189",
  "CBS - WCCO MIN": "id-648",
  "CBS - WDJT MIL": "id-190",
  "CBS - WFMY GPS": "id-191",
  "CBS - WFOR MIA": "id-192",
  "CBS - WFSB HAR": "id-649",
  "CBS - WGCL ATL": "id-193",
  "CBS - WJAX JAX": "id-194",
  "CBS - WJZ BAL": "id-195",
  "CBS - WKMG ORL": "id-196",
  "CBS - WOIO CLA": "id-197",
  "CBS - WTSP TAM": "id-198",
  "CBS - WTVF NAS": "id-199",
  "CBS - WUSA WDC": "id-200",
  "CBS - WWJ DET": "id-650",
  "CBS - WWL NEO": "id-201",
  "DK: TV3+ HD": "id-446",
  "EX-YU: PRVA PLUS": "id-447",
  "FOCUS T25  RIP'T CIRCUIT": "id-461",
  "FOCUS T25  RIP'T UP": "id-462",
  "FOCUS T25 AB INTERVALS": "id-463",
  "FOCUS T25 CARDIO": "id-464",
  "FOCUS T25 CORE CARDIO": "id-465",
  "FOCUS T25 CORE SPEED": "id-466",
  "FOCUS T25 DYNAMIC CORE": "id-467",
  "FOCUS T25 EXTREME CARDIO": "id-468",
  "FOCUS T25 LOWER FOCUS": "id-469",
  "FOCUS T25 PYRAMID": "id-470",
  "FOCUS T25 SPEED 1 0": "id-471",
  "FOCUS T25 SPEED 2 0": "id-472",
  "FOCUS T25 SPEED 3 0": "id-473",
  "FOCUS T25 STRETCH": "id-474",
  "FOCUS T25 TOTAL BODY CIRCUIT": "id-475",
  "FOCUS T25 UPPER FOCUS": "id-476",
  "FOX - KDFI DAL": "id-202",
  "FOX - KDFW DAL": "id-203",
  "FOX - KMSP MIN": "id-651",
  "FOX - KMYU SLC": "id-204",
  "FOX - KPTV POR": "id-205",
  "FOX - KRIV HOU": "id-206",
  "FOX - KTBC AUS": "id-207",
  "FOX - KTXH HOU": "id-208",
  "FOX - KUTP/KSAZ PHX": "id-209",
  "FOX - KVVU LAS VEGAS": "id-210",
  "FOX - WAGA ATL": "id-211",
  "FOX - WCGV MIL": "id-212",
  "FOX - WDCA WDC": "id-213",
  "FOX - WFOX JAX": "id-214",
  "FOX - WFTC MIN": "id-215",
  "FOX - WFXT BOS": "id-216",
  "FOX - WJBK DET": "id-652",
  "FOX - WJZY CHA": "id-217",
  "FOX - WOFL ORL": "id-218",
  "FOX - WOGX GAI": "id-219",
  "FOX - WRAZ RAL": "id-220",
  "FOX - WRBW ORL": "id-221",
  "FOX - WRDC RAL": "id-222",
  "FOX - WSVN MIA": "id-223",
  "FOX - WTTE CLM": "id-224",
  "FOX - WTTG WDC": "id-225",
  "FOX - WTVT TAM": "id-226",
  "FOX - WTXF PHI": "id-653",
  "FOX - WUTB BAL": "id-227",
  "FOX - WVUE NEO": "id-228",
  "FOX - WXIX CIN": "id-229",
  "FR: CANAL SPORT": "id-445",
  "FR: CANAL+": "id-448",
  "Fred Claus": "id-456",
  "Genius S01 E01": "id-478",
  "Genius S01 E02": "id-479",
  "Genius S01 E03": "id-480",
  "Genius S01 E04": "id-481",
  "Genius S01 E05": "id-482",
  "Genius S01 E06": "id-483",
  "Genius S01 E07": "id-484",
  "Genius S01 E08": "id-485",
  "Genius S01 E09": "id-486",
  "Genius S02 E01": "id-487",
  "Genius S02 E02": "id-488",
  "Genius S02 E03": "id-489",
  "Genius S02 E04": "id-490",
  "Genius S02 E05": "id-491",
  "Genius S02 E06": "id-492",
  "Genius S02 E07": "id-493",
  "HU: FILM": "id-449",
  "House of Cards S01 E01": "id-561",
  "House of Cards S01 E02": "id-562",
  "House of Cards S01 E03": "id-563",
  "House of Cards S01 E04": "id-564",
  "House of Cards S01 E05": "id-565",
  "House of Cards S01 E06": "id-566",
  "House of Cards S01 E07": "id-567",
  "House of Cards S01 E08": "id-568",
  "House of Cards S01 E09": "id-569",
  "House of Cards S01 E10": "id-570",
  "House of Cards S01 E11": "id-571",
  "House of Cards S01 E12": "id-572",
  "House of Cards S01 E13": "id-573",
  "House of Cards S02 E01": "id-574",
  "House of Cards S02 E02": "id-575",
  "House of Cards S02 E03": "id-576",
  "House of Cards S02 E04": "id-577",
  "House of Cards S02 E05": "id-578",
  "House of Cards S02 E06": "id-579",
  "House of Cards S02 E07": "id-580",
  "House of Cards S02 E08": "id-581",
  "House of Cards S02 E09": "id-582",
  "House of Cards S02 E10": "id-583",
  "House of Cards S02 E11": "id-584",
  "House of Cards S02 E12": "id-585",
  "House of Cards S02 E13": "id-586",
  "House of Cards S03 E01": "id-587",
  "House of Cards S03 E02": "id-588",
  "House of Cards S03 E03": "id-589",
  "House of Cards S03 E04": "id-590",
  "House of Cards S03 E05": "id-591",
  "House of Cards S03 E06": "id-592",
  "House of Cards S03 E07": "id-593",
  "House of Cards S03 E08": "id-594",
  "House of Cards S03 E09": "id-595",
  "House of Cards S03 E10": "id-596",
  "House of Cards S03 E11": "id-597",
  "House of Cards S03 E12": "id-598",
  "House of Cards S03 E13": "id-599",
  "House of Cards S04 E01": "id-600",
  "House of Cards S04 E02": "id-601",
  "House of Cards S04 E03": "id-602",
  "House of Cards S04 E04": "id-603",
  "House of Cards S04 E05": "id-604",
  "House of Cards S04 E06": "id-605",
  "House of Cards S04 E07": "id-606",
  "House of Cards S04 E08": "id-607",
  "House of Cards S04 E09": "id-608",
  "House of Cards S04 E10": "id-609",
  "House of Cards S04 E11": "id-610",
  "House of Cards S04 E12": "id-611",
  "House of Cards S04 E13": "id-612",
  "House of Cards S05 E01": "id-613",
  "House of Cards S05 E02": "id-614",
  "House of Cards S05 E03": "id-615",
  "House of Cards S05 E04": "id-616",
  "House of Cards S05 E05": "id-617",
  "House of Cards S05 E06": "id-618",
  "House of Cards S05 E07": "id-619",
  "House of Cards S05 E08": "id-620",
  "House of Cards S05 E09": "id-621",
  "House of Cards S05 E10": "id-622",
  "House of Cards S05 E11": "id-623",
  "House of Cards S05 E12": "id-624",
  "House of Cards S05 E13": "id-625",
  "House of Cards S06 E01": "id-626",
  "House of Cards S06 E02": "id-627",
  "House of Cards S06 E03": "id-628",
  "House of Cards S06 E04": "id-629",
  "House of Cards S06 E05": "id-630",
  "House of Cards S06 E06": "id-631",
  "House of Cards S06 E07": "id-632",
  "House of Cards S06 E08": "id-633",
  "IN: ASIANET PLUS": "id-450",
  "IN: B4U MUSIC": "id-451",
  "IN: STAR PLUS HD": "id-452",
  "IN: ZEE HINDUSTAN": "id-453",
  "KEVIN MAGNUSSEN HELMET CAMERA": "id-25",
  "MARCUS ERICSSON HELMET CAMERA": "id-26",
  "MLB BACKUP 1": "id-372",
  "MLB BACKUP 2": "id-373",
  "MLB LIVE HD 1": "id-356",
  "MLB LIVE HD 10": "id-365",
  "MLB LIVE HD 11": "id-366",
  "MLB LIVE HD 12": "id-367",
  "MLB LIVE HD 13": "id-368",
  "MLB LIVE HD 14": "id-369",
  "MLB LIVE HD 15": "id-370",
  "MLB LIVE HD 16": "id-371",
  "MLB LIVE HD 2": "id-357",
  "MLB LIVE HD 3": "id-358",
  "MLB LIVE HD 4": "id-359",
  "MLB LIVE HD 5": "id-360",
  "MLB LIVE HD 6": "id-361",
  "MLB LIVE HD 7": "id-362",
  "MLB LIVE HD 8": "id-363",
  "MLB LIVE HD 9": "id-364",
  "MLB NETWORK HD": "id-354",
  "MLB STRIKEZONE": "id-355",
  "Make Us Dream": "id-457",
  "NBA LEAGUE PASS LIVE 1 HD": "id-319",
  "NBA LEAGUE PASS LIVE 10 HD": "id-328",
  "NBA LEAGUE PASS LIVE 11 HD": "id-329",
  "NBA LEAGUE PASS LIVE 12 HD": "id-330",
  "NBA LEAGUE PASS LIVE 13 HD": "id-331",
  "NBA LEAGUE PASS LIVE 2 HD": "id-320",
  "NBA LEAGUE PASS LIVE 3 HD": "id-321",
  "NBA LEAGUE PASS LIVE 4 HD": "id-322",
  "NBA LEAGUE PASS LIVE 5 HD": "id-323",
  "NBA LEAGUE PASS LIVE 6 HD": "id-324",
  "NBA LEAGUE PASS LIVE 7 HD": "id-325",
  "NBA LEAGUE PASS LIVE 8 HD": "id-326",
  "NBA LEAGUE PASS LIVE 9 HD": "id-327",
  "NBA TV HD (CA)": "id-317",
  "NBA TV HD (US)": "id-318",
  "NBALP : ATLANTA HAWKS": "id-332",
  "NBALP : BOSTON CELTICS": "id-333",
  "NBALP : BROOKLYN NETS": "id-334",
  "NBALP : CHARLOTTE HORNETS": "id-335",
  "NBALP : CHICAGO BULLS": "id-336",
  "NBALP : CLEVELAND CAVALIERS": "id-337",
  "NBALP : DALLAS MAVERICKS": "id-338",
  "NBALP : DENVER NUGGETS": "id-692",
  "NBALP : DETROIT PISTONS": "id-693",
  "NBALP : GOLDEN STATE WARRIORS": "id-694",
  "NBALP : HOUSTON-ROCKETS": "id-339",
  "NBALP : INDIANA PACERS": "id-340",
  "NBALP : LA LAKERS": "id-341",
  "NBALP : LOS ANGELES CLIPPERS": "id-695",
  "NBALP : MEMPHIS GRIZZLIES": "id-696",
  "NBALP : MIAMI HEAT": "id-342",
  "NBALP : MILWAUKEE BUCKS": "id-343",
  "NBALP : MINNESOTA TIMBERWOLVES": "id-697",
  "NBALP : NEW ORLEANS PELICANS": "id-344",
  "NBALP : NEW YORK KNICKS": "id-345",
  "NBALP : OKLAHOMA CITY THUNDER": "id-698",
  "NBALP : ORLANDO MAGIC": "id-346",
  "NBALP : PHILADELPHIA 79ERS": "id-699",
  "NBALP : PHOENIX SUNS": "id-347",
  "NBALP : PORTLAND TRAIL BLAZERS": "id-348",
  "NBALP : SACRAMENTO KINGS": "id-349",
  "NBALP : SAN ANTONIO SPURS": "id-350",
  "NBALP : TORONTO RAPTORS": "id-351",
  "NBALP : UTAH JAZZ": "id-352",
  "NBALP : WASHINGTON WIZARDS": "id-353",
  "NBC - KARE MIN": "id-230",
  "NBC - KBLR LAV": "id-231",
  "NBC - KCRA SAC": "id-232",
  "NBC - KDEN DEN": "id-654",
  "NBC - KGW POR": "id-233",
  "NBC - KHRR TUC": "id-234",
  "NBC - KING SEA": "id-235",
  "NBC - KNSD SAD": "id-236",
  "NBC - KNSO FRV": "id-237",
  "NBC - KPNX PHX": "id-238",
  "NBC - KPRC HOU": "id-239",
  "NBC - KSDK STL": "id-240",
  "NBC - KSHB KAN": "id-241",
  "NBC - KSL SLC": "id-242",
  "NBC - KTAZ PHX": "id-243",
  "NBC - KTMD HOU": "id-244",
  "NBC - KUSA DEN": "id-655",
  "NBC - KVDA SAA": "id-245",
  "NBC - KXAS DAL": "id-246",
  "NBC - KXTX DAL": "id-247",
  "NBC - WBAL BAL": "id-248",
  "NBC - WBTS BOS": "id-249",
  "NBC - WCNC CHA": "id-250",
  "NBC - WDIV DET": "id-656",
  "NBC - WDSU NEO": "id-251",
  "NBC - WESH ORL": "id-657",
  "NBC - WGBA GBA": "id-252",
  "NBC - WGRZ BUF": "id-253",
  "NBC - WKYC CLA": "id-254",
  "NBC - WLWT CIN": "id-255",
  "NBC - WNEU BOS": "id-256",
  "NBC - WOAI SAA": "id-257",
  "NBC - WPXI PIT": "id-258",
  "NBC - WRAL RAL": "id-259",
  "NBC - WRC WDC": "id-260",
  "NBC - WSCV MIA": "id-261",
  "NBC - WTHR IND": "id-262",
  "NBC - WTLV JAV": "id-263",
  "NBC - WTMJ MIL": "id-264",
  "NBC - WTVJ MIA": "id-265",
  "NBC - WVIT HAR": "id-266",
  "NBC - WXIA ATL": "id-267",
  "NBC GOAL RUSH": "id-454",
  "NFL 01 (FHD)": "id-381",
  "NFL 02 (FHD)": "id-382",
  "NFL 03 (FHD)": "id-383",
  "NFL 04 (FHD)": "id-384",
  "NFL 05 (FHD)": "id-385",
  "NFL 06 (FHD)": "id-386",
  "NFL 07 (FHD)": "id-387",
  "NFL 08 (FHD)": "id-388",
  "NFL 09 (FHD)": "id-389",
  "NFL 1 HD: ": "id-397",
  "NFL 10 (FHD)": "id-390",
  "NFL 10 HD: ": "id-406",
  "NFL 11 (FHD)": "id-391",
  "NFL 11 HD: ": "id-407",
  "NFL 12 (FHD)": "id-392",
  "NFL 12 HD: ": "id-408",
  "NFL 13 (FHD)": "id-393",
  "NFL 13 HD: ": "id-409",
  "NFL 14 (FHD)": "id-394",
  "NFL 14 HD: ": "id-410",
  "NFL 15 (FHD)": "id-395",
  "NFL 15 HD: ": "id-411",
  "NFL 16 (FHD)": "id-396",
  "NFL 16 HD:": "id-412",
  "NFL 2 HD: ": "id-398",
  "NFL 3 HD: ": "id-399",
  "NFL 4 HD: ": "id-400",
  "NFL 5 HD: ": "id-401",
  "NFL 6 HD: ": "id-402",
  "NFL 7 HD: ": "id-403",
  "NFL 8 HD: ": "id-404",
  "NFL 9 HD: ": "id-405",
  "NFL NETWORK (BACKUP)": "id-377",
  "NFL NETWORK FHD (BACKUP)": "id-375",
  "NFL NETWORK HD": "id-374",
  "NFL NETWORK HD (BACKUP)": "id-376",
  "NFL NOW HD": "id-378",
  "NFL REDZONE (BACKUP)": "id-380",
  "NFL REDZONE HD": "id-379",
  "NHL 1 HD": "id-414",
  "NHL 10 HD": "id-423",
  "NHL 11 HD": "id-424",
  "NHL 12 HD": "id-425",
  "NHL 13 HD": "id-426",
  "NHL 14 HD": "id-427",
  "NHL 15 HD": "id-428",
  "NHL 2 HD": "id-415",
  "NHL 3 HD": "id-416",
  "NHL 4 HD": "id-417",
  "NHL 5 HD": "id-418",
  "NHL 6 HD": "id-419",
  "NHL 7 HD": "id-420",
  "NHL 8 HD": "id-421",
  "NHL 9 HD": "id-422",
  "NHL HD BACKUP 1": "id-429",
  "NHL HD BACKUP 10": "id-438",
  "NHL HD BACKUP 11": "id-439",
  "NHL HD BACKUP 12": "id-440",
  "NHL HD BACKUP 13": "id-441",
  "NHL HD BACKUP 14": "id-442",
  "NHL HD BACKUP 15": "id-443",
  "NHL HD BACKUP 2": "id-430",
  "NHL HD BACKUP 3": "id-431",
  "NHL HD BACKUP 4": "id-432",
  "NHL HD BACKUP 5": "id-433",
  "NHL HD BACKUP 6": "id-434",
  "NHL HD BACKUP 7": "id-435",
  "NHL HD BACKUP 8": "id-436",
  "NHL HD BACKUP 9": "id-437",
  "NHL NETWORK HD": "id-413",
  "Robinson Crusoe: The Wild Life": "id-458",
  "Santa Claus: The Movie": "id-477",
  "The Haunting of Hill House S01 E01": "id-541",
  "The Haunting of Hill House S01 E02": "id-542",
  "The Haunting of Hill House S01 E03": "id-543",
  "The Haunting of Hill House S01 E04": "id-544",
  "The Haunting of Hill House S01 E05": "id-545",
  "The Haunting of Hill House S01 E06": "id-546",
  "The Haunting of Hill House S01 E07": "id-547",
  "The Haunting of Hill House S01 E08": "id-548",
  "The Haunting of Hill House S01 E09": "id-549",
  "The Haunting of Hill House S01 E10": "id-550",
  "The Haunting of Hill House UHD S01 E01": "id-551",
  "The Haunting of Hill House UHD S01 E02": "id-552",
  "The Haunting of Hill House UHD S01 E03": "id-553",
  "The Haunting of Hill House UHD S01 E04": "id-554",
  "The Haunting of Hill House UHD S01 E05": "id-555",
  "The Haunting of Hill House UHD S01 E06": "id-556",
  "The Haunting of Hill House UHD S01 E07": "id-557",
  "The Haunting of Hill House UHD S01 E08": "id-558",
  "The Haunting of Hill House UHD S01 E09": "id-559",
  "The Haunting of Hill House UHD S01 E10": "id-560",
  "The Year Without A Santa Claus": "id-460",
  "The Year Without a Santa Claus": "id-459",
  "This Is Us S01 E01": "id-494",
  "This Is Us S01 E02": "id-495",
  "This Is Us S01 E03": "id-496",
  "This Is Us S01 E04": "id-497",
  "This Is Us S01 E05": "id-498",
  "This Is Us S01 E06": "id-499",
  "This Is Us S01 E07": "id-500",
  "This Is Us S01 E08": "id-501",
  "This Is Us S01 E09": "id-502",
  "This Is Us S01 E10": "id-503",
  "This Is Us S01 E11": "id-504",
  "This Is Us S01 E12": "id-505",
  "This Is Us S01 E13": "id-506",
  "This Is Us S01 E14": "id-507",
  "This Is Us S01 E15": "id-508",
  "This Is Us S01 E16": "id-509",
  "This Is Us S01 E17": "id-510",
  "This Is Us S01 E18": "id-511",
  "This Is Us S02 E01": "id-512",
  "This Is Us S02 E02": "id-513",
  "This Is Us S02 E03": "id-514",
  "This Is Us S02 E04": "id-515",
  "This Is Us S02 E05": "id-516",
  "This Is Us S02 E06": "id-517",
  "This Is Us S02 E07": "id-518",
  "This Is Us S02 E08": "id-519",
  "This Is Us S02 E09": "id-520",
  "This Is Us S02 E10": "id-521",
  "This Is Us S02 E11": "id-522",
  "This Is Us S02 E12": "id-523",
  "This Is Us S02 E13": "id-524",
  "This Is Us S02 E14": "id-525",
  "This Is Us S02 E15": "id-526",
  "This Is Us S02 E16": "id-527",
  "This Is Us S02 E17": "id-528",
  "This Is Us S02 E18": "id-529",
  "This Is Us S03 E01": "id-530",
  "This Is Us S03 E02": "id-531",
  "This Is Us S03 E03": "id-532",
  "This Is Us S03 E04": "id-533",
  "This Is Us S03 E05": "id-534",
  "This Is Us S03 E06": "id-535",
  "This Is Us S03 E07": "id-536",
  "This Is Us S03 E08": "id-537",
  "This Is Us S03 E09": "id-538",
  "This Is Us S03 E10": "id-539",
  "This Is Us S03 E11": "id-540",
  "UK: 4 MUSIC": "id-1",
  "UK: 5 USA": "id-0",
  "UK: BRIT ASIA": "id-2",
  "UK: CLUBLAND": "id-15",
  "UK: KEEP IT COUNTRY": "id-16",
  "UK: KERRANG": "id-17",
  "UK: KISS": "id-18",
  "UK: MTV": "id-3",
  "UK: MTV BASE": "id-4",
  "UK: MTV CLASSICS": "id-5",
  "UK: MTV DANCE": "id-6",
  "UK: MTV FHD": "id-7",
  "UK: MTV HITS": "id-8",
  "UK: MTV LIVE FHD": "id-9",
  "UK: MTV LIVE HD": "id-10",
  "UK: MTV MUSIC": "id-11",
  "UK: MTV ROCKS": "id-12",
  "UK: NOW 80s": "id-13",
  "UK: NOW 90s": "id-14",
  "UK: RUSSIA TODAY": "id-27",
  "UK: SCUZZ": "id-19",
  "UK: STINGRAY ICONCERTS": "id-20",
  "UK: TRACE URBAN": "id-21",
  "UK: VH1": "id-22",
  "UK: VINTAGE TV": "id-23",
  "UK: VIVA THE HITS": "id-24",
  "US: AMC HD": "id-31",
  "US: AMERICAN HEROES CHANNEL HD": "id-634",
  "US: ANIMAL PLANET HD": "id-92",
  "US: BBC AMERICA HD": "id-34",
  "US: BBC WORLD NEWS HD": "id-139",
  "US: BEIN SPORTS 1 (FHD)": "id-269",
  "US: BEIN SPORTS 10 (FHD)": "id-278",
  "US: BEIN SPORTS 2 (FHD)": "id-270",
  "US: BEIN SPORTS 3 (FHD)": "id-271",
  "US: BEIN SPORTS 4 (FHD)": "id-272",
  "US: BEIN SPORTS 5 (FHD)": "id-273",
  "US: BEIN SPORTS 6 (FHD)": "id-274",
  "US: BEIN SPORTS 7 (FHD)": "id-275",
  "US: BEIN SPORTS 8 (FHD)": "id-276",
  "US: BEIN SPORTS 9 (FHD)": "id-277",
  "US: BEIN SPORTS SPANISH": "id-279",
  "US: BIG TEN NETWORK HD": "id-280",
  "US: BOOMERANG HD": "id-129",
  "US: BRAVO HD": "id-37",
  "US: BUZZR TV": "id-38",
  "US: CARTOON NETWORK HD": "id-130",
  "US: CINEMAX HD (EAST)": "id-106",
  "US: CNBC HD": "id-700",
  "US: CNN HD": "id-141",
  "US: COZI TV HD": "id-42",
  "US: DESTINATION AMERICA HD": "id-635",
  "US: DISCOVERY FAMILY HD": "id-93",
  "US: DISCOVERY HD": "id-94",
  "US: DISCOVERY SCIENCE HD": "id-95",
  "US: DISNEY CHANNEL HD": "id-131",
  "US: DISNEY JR HD": "id-132",
  "US: DISNEY XD HD": "id-133",
  "US: DIY NETWORK HD": "id-97",
  "US: EL REY NETWORK HD": "id-46",
  "US: ELEVEN SPORTS HD": "id-282",
  "US: ESPN 1 HD": "id-658",
  "US: ESPN 2 HD": "id-660",
  "US: ESPN NEWS HD": "id-661",
  "US: ESPN PLUS 01 HD": "id-663",
  "US: ESPN PLUS 02 HD": "id-664",
  "US: ESPN PLUS 03 HD": "id-665",
  "US: ESPN PLUS 04 HD": "id-666",
  "US: ESPN PLUS 05 HD": "id-667",
  "US: ESPN PLUS 06 HD": "id-668",
  "US: ESPN PLUS 07 HD": "id-669",
  "US: ESPN PLUS 08 HD": "id-670",
  "US: ESPN PLUS 09 HD": "id-671",
  "US: ESPN PLUS 10 HD": "id-672",
  "US: ESPN PLUS 11 HD": "id-673",
  "US: ESPN PLUS 12 HD": "id-674",
  "US: ESPN PLUS 13 HD": "id-675",
  "US: ESPN PLUS 14 HD": "id-676",
  "US: ESPN PLUS 15 HD": "id-677",
  "US: ESPN PLUS 16 HD": "id-678",
  "US: ESPN PLUS 17 HD": "id-679",
  "US: ESPN PLUS 18 HD": "id-680",
  "US: ESPN PLUS 19 HD": "id-681",
  "US: ESPN PLUS 20 HD": "id-682",
  "US: ESPN U HD": "id-662",
  "US: FOOD NETWORK HD": "id-47",
  "US: FOX BUSINESS NETWORK HD": "id-642",
  "US: FOX NEWS HD": "id-143",
  "US: FOX SPORTS 1 HD": "id-284",
  "US: FOX SPORTS 2 HD": "id-285",
  "US: FOX SPORTS ARIZONA HD": "id-286",
  "US: FOX SPORTS DETROIT HD": "id-683",
  "US: FOX SPORTS FLORIDA HD": "id-287",
  "US: FOX SPORTS MIDWEST HD": "id-684",
  "US: FOX SPORTS NET HD": "id-288",
  "US: FOX SPORTS NORTH HD": "id-289",
  "US: FOX SPORTS OHIO HD": "id-290",
  "US: FOX SPORTS PRIME TICKET HD": "id-291",
  "US: FOX SPORTS SAN DIEGO HD": "id-292",
  "US: FOX SPORTS SOUTH HD": "id-293",
  "US: FOX SPORTS SOUTHEAST HD": "id-294",
  "US: FOX SPORTS SOUTHWEST HD": "id-685",
  "US: FOX SPORTS SUN HD": "id-295",
  "US: FOX SPORTS WEST HD": "id-686",
  "US: FOX SPORTS WISCONSIN HD": "id-296",
  "US: FREEFORM HD": "id-49",
  "US: FX HD": "id-50",
  "US: FXX HD": "id-51",
  "US: HALLMARK HD": "id-54",
  "US: HBO EAST HD": "id-115",
  "US: HBO WEST HD": "id-639",
  "US: HGTV HD": "id-98",
  "US: HLN HD": "id-144",
  "US: IFC HD": "id-118",
  "US: INVESTIGATION DISCOVERY (ID) HD": "id-637",
  "US: LONGHORN NETWORK HD": "id-298",
  "US: MGM HD": "id-119",
  "US: MOTOR TREND HD": "id-96",
  "US: MSNBC HD": "id-145",
  "US: NASA TV HD": "id-638",
  "US: NAT GEO WILD HD": "id-100",
  "US: NATIONAL GEOGRAPHIC HD": "id-101",
  "US: NBC GOLF HD": "id-302",
  "US: NBC SPORTS BAY AREA HD": "id-303",
  "US: NBCSN HD": "id-306",
  "US: NE CABLE NEWS HD": "id-146",
  "US: NESN HD": "id-688",
  "US: NICK JR HD": "id-134",
  "US: NICKELODEON HD": "id-641",
  "US: NICKTOONS": "id-135",
  "US: OWN HD": "id-64",
  "US: OXYGEN HD": "id-65",
  "US: PBS KIDS": "id-136",
  "US: POP HD": "id-68",
  "US: SEC NETWORK HD": "id-312",
  "US: SHOWTIME EAST HD": "id-120",
  "US: SMITHSONIAN HD": "id-103",
  "US: SONY MOVIE CHANNEL HD": "id-640",
  "US: SUNDANCE HD": "id-127",
  "US: SYFY HD": "id-73",
  "US: TBS HD": "id-74",
  "US: TCM HD": "id-128",
  "US: TLC HD": "id-75",
  "US: TNT HD": "id-76",
  "US: TRU TV HD": "id-77",
  "US: UNIVERSAL KIDS HD": "id-137",
  "US: USA NETWORK HD": "id-80",
  "US: WE TV HD": "id-84",
  "US: WILLOW (TEST)": "id-690",
  "US: YES NETWORK HD": "id-691",
  "USA/CA: A\u0026E HD": "id-28",
  "USA/CA: ABC HD": "id-29",
  "USA/CA: ABC NEWS HD (LIVE ONLY)": "id-138",
  "USA/CA: ABC SPARK": "id-30",
  "USA/CA: AMGTV": "id-32",
  "USA/CA: ANTENNA TV": "id-33",
  "USA/CA: BEIN SPORTS HD": "id-268",
  "USA/CA: BET HD": "id-35",
  "USA/CA: BET HER HD": "id-36",
  "USA/CA: BLOOMBERG HD": "id-140",
  "USA/CA: CBS FHD": "id-39",
  "USA/CA: CBS SPORTS NETWORK": "id-281",
  "USA/CA: CINEMAX ACTION MAX FHD": "id-105",
  "USA/CA: CINEMAX MORE MAX FHD": "id-107",
  "USA/CA: CINEMAX OUTER MAX FHD": "id-108",
  "USA/CA: CINEMAX THRILLER MAX HD": "id-109",
  "USA/CA: CMT HD": "id-40",
  "USA/CA: COMEDY CENTRAL HD": "id-41",
  "USA/CA: COOKING CHANNEL HD (US)": "id-86",
  "USA/CA: CPAC HD": "id-142",
  "USA/CA: CREATE": "id-43",
  "USA/CA: CW FHD": "id-44",
  "USA/CA: E! HD": "id-45",
  "USA/CA: EPIX 2 FHD": "id-111",
  "USA/CA: EPIX FHD": "id-110",
  "USA/CA: ESPN 1": "id-659",
  "USA/CA: FIGHT NETWORK FHD": "id-283",
  "USA/CA: FOX HD": "id-48",
  "USA/CA: FYI": "id-52",
  "USA/CA: GOL TV": "id-297",
  "USA/CA: GSN HD": "id-53",
  "USA/CA: HBO 2 HD": "id-112",
  "USA/CA: HBO COMEDY HD": "id-113",
  "USA/CA: HBO FAMILY HD": "id-114",
  "USA/CA: HBO SIGNATURE HD": "id-116",
  "USA/CA: HBO ZONE HD": "id-117",
  "USA/CA: HEROES \u0026 ICONS": "id-636",
  "USA/CA: HISTORY HD (US)": "id-99",
  "USA/CA: HSN": "id-55",
  "USA/CA: ION TV HD": "id-56",
  "USA/CA: JEWELRY TV HD": "id-57",
  "USA/CA: LIFETIME HD": "id-58",
  "USA/CA: MAVTV HD": "id-299",
  "USA/CA: ME TV": "id-59",
  "USA/CA: MSG": "id-300",
  "USA/CA: MSG PLUS HD": "id-301",
  "USA/CA: MTV 2 HD": "id-61",
  "USA/CA: MTV HD": "id-60",
  "USA/CA: NAT GEO WILD HD (CA)": "id-87",
  "USA/CA: NBC HD": "id-62",
  "USA/CA: NBC SPORTS CHICAGO HD": "id-304",
  "USA/CA: NBC SPORTS PHILLY HD": "id-687",
  "USA/CA: NBC SPORTS PLUS CHICAGO HD": "id-305",
  "USA/CA: OLN": "id-63",
  "USA/CA: OUTDOOR CHANNEL HD": "id-102",
  "USA/CA: PAC12 ARIZONA": "id-307",
  "USA/CA: PAC12 BAY AREA": "id-308",
  "USA/CA: PAC12 LOS ANGELES HD": "id-689",
  "USA/CA: PAC12 OREGON HD": "id-309",
  "USA/CA: PAC12 WASHINGTON HD": "id-310",
  "USA/CA: PARAMOUNT NETWORK HD": "id-72",
  "USA/CA: PBS FHD": "id-66",
  "USA/CA: PEACHTREE": "id-67",
  "USA/CA: QVC 2 FHD": "id-70",
  "USA/CA: QVC FHD": "id-69",
  "USA/CA: RED BULL TV HD": "id-311",
  "USA/CA: REVOLT HD": "id-89",
  "USA/CA: RT NEWS HD": "id-147",
  "USA/CA: SHOWCASE": "id-71",
  "USA/CA: SHOWTIME 2 FHD": "id-121",
  "USA/CA: SHOWTIME EXTREME FHD": "id-122",
  "USA/CA: SNY FHD - SPORTSNET NY": "id-313",
  "USA/CA: STARZ COMEDY": "id-123",
  "USA/CA: STARZ EAST": "id-124",
  "USA/CA: STARZ EDGE": "id-125",
  "USA/CA: STARZ KIDS AND FAMILY": "id-126",
  "USA/CA: TENNIS CHANNEL HD": "id-314",
  "USA/CA: THE COUNTRY NETWORK": "id-90",
  "USA/CA: TRAVEL CHANNEL HD": "id-104",
  "USA/CA: TV LAND HD": "id-78",
  "USA/CA: TV ONE HD": "id-79",
  "USA/CA: UFC FIGHT PASS (LIVE ONLY)": "id-315",
  "USA/CA: VH1 HD": "id-81",
  "USA/CA: VICELAND HD": "id-82",
  "USA/CA: VOA - VOICE OF AMERICA": "id-148",
  "USA/CA: WAPA TV": "id-83",
  "USA/CA: WEATHER CHANNEL HD": "id-149",
  "USA/CA: WGN AMERICA HD": "id-85",
  "USA/CA: WWE HD": "id-316",
  "USA: MUSIC CHOICE PLAY": "id-91"
}